State,Winning,Losing
Pawn,1.0,0.9242012
Rook,0.7896371,0.7896371
Bishop,0.2510953,0.1392218
Knight,0.07976944,0.1608416
Queen,0.03586056,0.03586056
